tv,social,digital,radio,sales
112.36203565420875,18.513292883861965,26.170568373590598,33.6351497104449,135.8638322912519
285.21429192297484,54.190094737835814,24.697879907199983,39.834069859568615,242.628964294787
219.59818254342153,87.29458358764083,90.62545805210367,12.523394939624948,289.83431088596535
179.59754525911097,73.22248864095612,24.95461998495061,31.243704980349946,201.62757246417814
46.80559213273096,80.65611478614497,27.1949726128631,28.587299157187434,133.12313142283975
46.798356100860794,65.87833667107174,75.93982624179637,41.64151883941356,185.2685464894601
17.42508365045984,69.22765645178525,44.973984245054,45.304353024063026,133.7024332128309
259.85284373248055,84.91956515653193,77.67105569551812,0.6078385738693404,273.913755902892
180.33450352296265,24.966800885918595,6.536615756438524,33.700995952939635,134.30599188411176
212.42177333881364,48.942496364314046,48.75711936733843,2.5917899559864512,207.00903587445737
6.175348288740734,22.120944181960223,3.3613600183282633,27.442933253867796,40.31758476410424
290.9729556485983,98.7668007996647,6.265320345535452,14.38163645218391,236.48761547051024
249.7327922401265,94.40593396866133,90.64374533444109,15.33882997610706,308.90947507501807
63.701733203482846,3.94268113685059,13.924537111759516,17.64792517261783,68.38567306575369
54.54749016213019,70.55751725156884,53.24206822752171,31.064622452480506,153.0776950273687
55.02135295603014,92.52483174156659,41.10956026007065,16.70249828343846,168.64379229185096
91.27267288786132,18.057534512733355,34.73433262588427,36.63495252951402,113.72236453361963
157.42692948967135,56.79452305526295,89.98333456872724,20.226369278693486,236.74055386520448
129.58350559263474,91.54882975880419,2.18233967754895,3.4176600154979306,128.0323683195615
87.36874205941257,3.394597858579884,66.37896861755891,39.187992124205365,144.55358546330774
183.55586841671385,69.742026724684,96.33944342135504,14.2879162296353,281.5047620162912
41.84815819561255,29.734900737255078,56.016818346184195,21.638343979963132,130.07146897544882
87.64339456056544,92.43961953765304,93.68224620330918,34.27219416109508,260.53962597131357
109.90855298810752,97.10582451653677,5.225787928602377,16.6228078574356,154.1049917954068
136.82099526511078,94.42664891134339,41.87933190741614,2.8292828073357814,184.86788644962726
235.55278841790408,47.42142166574638,26.015779096205115,18.69605235064068,194.8422056241041
59.90213464750792,86.20426509893134,73.08209649807299,47.22242913471517,207.1444613902411
154.27033152408347,84.45493985350704,98.12970904972467,32.08671986492791,295.01254946386416
177.72437065861274,31.910047324325564,25.65300624442478,33.57395743336035,153.35031867782968
13.935123815999317,82.89154741506773,65.41746014740745,31.614107681881993,179.6871935199631
182.26345557043152,3.700763471549262,19.809763275974014,9.949606947971839,132.76335736349478
51.15723710618746,59.6269878482053,56.53302545716099,20.916693205114008,171.96605732048045
19.515477895583857,23.000883728770305,46.39324866883362,37.54698991816591,102.2616723580131
284.66566117599996,12.056688577727881,97.2005329631537,5.068644877657958,278.78322952836317
289.6896099223678,7.695320162920916,60.85272726964666,13.892638804485614,255.17643546317643
242.51920443493833,69.62887758781397,34.950637208681876,13.815955423292682,221.01662542277728
91.3841307520112,33.98749637680661,11.409578488793336,21.6009463797253,84.18372201651448
29.30163420191516,72.47667715287615,15.124682873493455,49.01843704710925,101.39274016063857
205.26990795364708,6.535634079894237,22.53169299512351,3.375127334191097,144.0536895240151
132.0457481218804,31.529033783061035,25.0966661340298,25.935049719029752,118.0916281990568
36.61147045343365,53.949129237533725,85.06160578411378,8.968234100610523,165.19671548866742
148.55307303338105,79.07231648389636,56.12227882825249,48.53382727048721,238.37455253039252
10.316556334565519,31.875250293206992,52.33909113743665,5.66517523637321,98.71624827689539
272.79612062363464,62.58913764370091,11.476887186921747,20.180050118079564,216.60411376377363
77.63399448000507,88.5977748236187,86.0139693349435,36.89424924173031,237.27142840387643
198.75668530619458,61.58631881823046,72.28143032084837,35.227721401372264,269.310405066657
93.51332282682328,23.295947475363377,6.766836190000158,21.136431844696613,76.67231812113253
156.02040635334325,2.440078155653802,70.78350972297687,17.326208397635913,168.52825102276316
164.01308380298389,87.00988739009298,54.353821734264606,19.88061892764353,221.04081479856177
55.45633665765811,2.126941085038714,8.172534574677826,13.213813157931964,55.4669686998587
290.8753883293676,87.47016726841994,45.830064152865646,10.26664693533999,285.5738790080132
232.53984700833436,52.8937134027212,48.469628713004695,24.1519848779445,235.75189280190156
281.8496824692567,93.90676985128962,16.577454016327575,13.426687803380366,255.83415128618063
268.44820512829466,79.87832357736654,94.56981470002823,14.373083244862507,308.45398033922817
179.36999364332553,99.79341105333374,84.99753714806619,32.837803173727856,307.8916932617573
276.562270506935,35.071181545171015,66.90223373291083,48.42686658499461,290.9092671372167
26.54775061557585,76.71882889311269,46.22955610006072,30.181860027968753,155.58974173158967
58.79485872574356,40.193091360924214,41.17655415845085,3.848973353248314,131.09114054141176
13.56818667316142,47.98756203039088,65.09734671509541,3.779180692703349,108.99223535785218
97.5990992289793,62.75054632183701,54.543186940690546,47.5711610422783,187.75002626352835
116.6031869068446,87.36771141863387,6.227310588188562,14.864539515366681,137.23422439655616
81.40470953216877,98.40834691992951,51.25026487703317,4.603349304123771,190.90615297451552
248.6212527455788,76.82734138645182,80.64036172328395,29.952229357519077,290.01086376838157
107.02599800807678,41.77667821673337,45.923987759695805,31.182438914513305,168.3275417311429
84.28035290621423,42.13570022770702,5.195657755426842,32.42524100593441,115.24403198531272
162.80882494747453,73.75823015888915,78.6278199384033,13.370101392877064,249.73847036349878
42.27726749242879,23.877714576830233,20.13637821359744,0.7555342107237517,67.69529002704478
240.6590942262119,11.047411313139467,25.862083488803876,48.25076847272359,179.27370402480884
22.365193103931247,35.462215764077655,16.47063534322959,12.544652284555124,58.37541328458269
296.06608098015516,28.723899165408174,33.02150648714976,33.801314402627376,243.41494530152693
231.67343078899722,29.630812045599008,75.6751505688635,35.331493493935476,259.34393184902865
59.61470446025172,23.360775104990992,51.93858595039374,30.500370853974285,128.73230277320027
1.6566351370807197,4.209318963636188,20.488127415071254,15.645369710682411,33.98965200628536
244.63842853645025,1.787393473341381,87.78300781520409,13.554812688203288,216.96354730695134
212.05720315428513,98.77223897360315,87.95818549515292,29.883414135135155,297.8177396444453
218.7021504122962,42.77731337358623,87.05784250460069,43.304781680584576,293.1393967902859
231.38110400578373,38.432664715968166,23.87962113815393,47.33668644616978,190.6896852991283
22.21339552022711,67.96472826930699,45.12393441809881,5.295290220187882,124.69917402160125
107.53971856328178,21.825388786506416,98.49896561408751,7.7414306298859925,204.1482271576346
34.760717857538914,94.99611839502253,77.20124763099903,47.236812939153985,201.81161188545582
258.93102776267807,78.6345014415552,2.716742122555982,36.82676141673963,219.57636717950498
186.98943804826737,8.94110023122595,6.5204591260492055,44.149691241488654,144.34112028037325
99.26940745579475,41.75807757849284,46.39313768123328,10.131631706767157,144.91690325130438
19.067505085807092,87.91183075621647,90.92202058615601,29.379293555470092,235.28124854121367
93.29469651469866,94.47320222914102,53.870179795271426,35.056979720873684,191.21832103873012
97.55499660802411,46.74015112498697,49.781250803429025,34.00559427234863,176.89776203036445
218.88185350141922,61.34113892107077,10.547369995663058,20.407584543334906,181.68721523439822
191.26724140656393,16.70339460920752,65.6780104724294,0.7697445845654238,195.9909972566693
266.16382277289796,99.11686261369765,82.21031606002255,29.146302840213156,332.9286339705545
141.66447754858478,23.16717013834434,38.04200075075623,12.655076958980437,135.27785999016362
35.87827378149051,94.27317741351257,77.56118509253275,22.51271230714452,202.22869224147473
213.9734361668985,64.96466489923685,96.44766539008116,47.879050754190864,284.84406440946776
228.23551458506924,60.773679487885914,20.376645912768907,19.951765882121737,205.19221051315304
168.38315927084886,51.26885110165086,52.33296311947413,41.990080333221336,216.18184911995215
231.2901539863683,23.06698117177587,28.713795808457554,9.427030287462557,180.59803675966245
148.13867890931724,17.652803200550828,79.28544190338394,33.62302490125144,214.0891104907824
156.81984881459823,22.048620907017536,57.75933658811575,48.85034772194717,198.34643207391747
128.2623055075649,18.643826214425452,63.45824175503038,5.094655043646839,159.73379105553013
7.625738023228557,77.95844735667534,79.79141596158941,0.4159971113596006,153.36824095106468
32.367428097991336,35.01252591667301,39.59704726624549,21.67913963163072,97.59546764431657
9.428755706020276,5.784267656339637,91.50900684070432,4.63127415256836,133.79871088024134
190.92312337913413,96.91026301408114,53.302886724614,37.419217483811565,273.76812071771553
94.306794322898,88.37858849634257,15.7954822835348,45.727433192427945,161.86620225110107
152.57120734941083,92.77522831952129,69.58991181688025,21.701048635437942,247.49433716437426
272.2699421778279,99.49078226464353,79.32613504382545,12.935582107772047,309.6341644679449
74.78766874466248,17.38952492194873,31.67616770675267,21.72016595033049,114.07652358086617
123.11487691068892,39.62420189026587,85.7179256998753,36.17239089250005,224.47591357982535
226.6653415629146,75.82384757040913,90.61432547657664,0.4527080790185489,302.4127386217252
68.63944964748674,69.60206180537922,27.690448737780894,29.472699474234858,132.13030166612737
23.093972948637898,15.389590633985506,98.3521472715222,30.664584244368953,156.4999072637732
86.92543587413041,81.58331249906178,14.071152804875842,31.884412344796775,147.05985793429943
48.366386176201324,22.444057183666068,20.201566840248997,12.101103999043861,80.10587682001633
278.90929570277194,22.38176148226231,18.422483923802613,35.70263616890634,198.7319430716264
242.43611386932508,53.69744228934136,89.39897100078704,4.56957431658882,265.4669096524963
190.02112695312704,59.293993484170315,65.42925523249619,9.96351682334004,235.75304992613493
261.43817705631534,58.00862078378112,15.210428322227287,43.873502332724094,228.9139541669456
241.10162306973433,9.148683739775487,44.032341836834895,36.93615753632832,193.70752224704916
55.97101766581075,87.74608626303804,61.529802506980204,0.6872777005672626,185.9849354831074
267.76769954699336,26.560004258870606,8.34640849893833,12.41881301849001,184.3008182823792
161.8026725746952,12.951492128280417,88.24163684073388,10.720324149658229,204.92765366112545
242.23204654921875,88.87480798689772,80.36035354415351,13.540316401848628,297.5684623819813
268.82738997704797,95.56514982297534,50.52067735766382,12.377988513994321,284.45799849565645
95.40104249155917,86.21276172654507,96.71266152591704,3.126314787142287,225.98468262783888
33.01557735830303,80.95160747248781,41.77609792750997,22.947025829841017,145.46892245969917
68.3805487625825,65.52419806390218,98.41103190364979,36.63667373930826,205.16103991428588
128.1323365878769,55.08573706091393,66.79199988036271,30.33658623587182,215.25166599565728
245.40442977674795,8.698675991141014,63.467127325394145,33.64358342990399,210.39292630528354
258.21917497690305,40.845321307069874,16.5954895295785,4.057458926811957,199.1691056099788
2.085639159357211,37.2688517012314,88.1927758304644,47.57453550883936,161.9327523028601
153.22419077326973,25.97537837603262,42.74896879206152,41.92459169215124,171.72924583391375
125.22330094463369,72.3420113688585,16.223340578247935,40.254515924783135,157.82863875532598
66.63234314121908,49.58757350787708,1.260751997575904,41.149190252088374,96.30825818603455
35.95961020010484,8.104621590764793,55.975568363838256,46.63552540663807,133.80081310473335
101.28455142108838,22.018320194981133,52.739962212267635,27.212698305684885,122.99441893931038
282.87291117375577,68.32587636595959,71.93536223691585,10.014100893381295,301.19770576085523
96.96087960622657,7.613085949030019,89.02580530178021,30.839180392627057,183.28561797106687
155.63718652300983,85.12069140487687,7.9406584643029525,37.14407468339695,165.66016487403598
210.90568766855336,49.51465270139743,73.14964903403623,36.89586966770127,244.22854270636645
109.0888807137882,48.0586577326648,18.741194409758222,26.072451208344006,147.88820083182426
291.5346248162882,59.24077846595176,85.8177053157164,3.422935966678903,288.73987434034524
288.7341884826334,82.46809659251491,81.90635138616561,18.55564692150639,308.2290762256716
75.53468874760925,34.780920790219305,54.07937549855444,46.038330423167864,169.48347528179343
149.17455176771563,67.80161525590636,71.02427986233116,29.2224454878713,234.97669997896222
90.2634929450309,56.5731963995791,31.43501131837484,26.91659716278567,134.88301970653595
85.45214831324029,26.70282701694213,47.116789893281464,13.442675719109676,130.8603388276236
11.06608420635984,87.8629986355158,82.16368977104716,18.422445995828944,175.21580949794372
182.86930019396905,79.74260216069281,45.92651971732139,44.76730445765846,248.20915214514557
150.80370696865845,65.84518346584255,35.77982653254418,33.32315237634179,201.6213931705927
15.443625374996806,85.05817290942419,49.421244725029986,39.36935133761664,164.01551747586316
83.59393927098343,86.72942009598023,82.82492524372184,22.717271153382757,227.81738930924192
272.4797657899961,70.83629767150347,33.520804737087275,31.512360972807897,269.65318454906406
71.86856720009173,83.7013328363672,17.37615931357438,12.419180437160376,131.19511258160736
43.46846162736693,69.74714616692836,71.20140203307808,35.27304151417432,172.3187138412164
146.8358280832689,68.01407717603004,82.59782127080818,21.380066685166867,244.2693404468515
295.6951362331802,61.86113782151843,10.063747852353334,22.12727574073728,243.54981173644236
72.61658145345012,75.27166395576413,23.98741127559447,32.466116228844086,134.64259022749764
201.64066422176356,15.86051052930737,14.19719897609939,46.81403107344633,155.01917028277487
228.48588459861529,88.08707591989284,34.79414115821666,3.200317330431046,232.55022320435506
71.2912631977199,87.1843527745232,45.035097890541266,41.23716186735038,183.63847991748088
218.46490458355788,2.9247283034559146,74.88263369633064,14.619155520609656,200.3798528787331
110.33493981577597,82.58167505647627,65.11475848816741,22.195972725318892,223.90668233636595
189.69174917807385,12.886986747344519,62.092856747843115,1.0956664387504478,203.52469916774714
190.0589132282684,33.51188542591419,35.23749466096544,15.05230389171565,175.11665547329255
160.73240522242753,74.35082562916078,84.144755308476,25.131562131506524,246.8588238662575
27.08693101632249,16.07598960483082,47.128716739816454,2.8088038673719504,69.15439434969407
250.5907486767714,81.79670241190622,97.91049380151546,24.55478646915826,325.53796052343597
96.23401949152075,83.21341779577419,63.41421382957368,46.35553144292137,229.63689287678358
55.95555311995627,50.746773376083624,12.626474156450273,5.2696609053902606,91.64043825677334
12.232542466429175,0.638587171683358,67.6177562075434,38.22203640377522,110.67763185268993
177.26788295647253,28.703813317491278,32.5104015431699,20.483552668799632,157.00688906741988
203.26930855268472,61.69269183757422,68.63271966860974,32.7586857262169,242.08164645728266
4.976348678356846,98.11861780274235,6.964114816240574,13.011829899261468,105.49461756366671
153.6279174897843,63.18135270166684,17.48814371759594,7.974613127067914,162.26729745743737
67.94873255938138,25.98035810641598,85.57372589057863,8.023130713561322,146.80370439474729
193.55183712283497,63.40057030996113,22.71795570235149,3.5245972821572327,192.77106980330936
52.309928701497434,53.99853797158555,83.704112524294,9.282335245062152,181.10884311314726
207.28132143073978,77.98453951511436,27.927608845441043,33.21096924944841,233.4639509431176
116.02060389016123,10.698063882695841,64.28819100587077,44.084530592175405,156.7440231287363
281.01899662102034,76.1027902502028,69.4150573509831,40.70628427955809,295.4553283454325
41.256283243797974,54.12665786761103,51.265475314505295,34.25671549372421,144.5123744919557
102.31990531507755,96.29920038589947,30.531067669673128,5.521593170555134,173.17739434115114
34.042056372176724,34.187216603868606,21.264437637109612,14.459372314797491,96.52735825186292
277.4080854835688,63.26218931339481,3.318935456242622,15.490343766123448,209.65151213781678
263.2018060142943,93.20281055100175,30.39464012407238,12.49784731988106,247.7086152206437
77.38248831454668,10.250972799067926,65.3162790531283,25.750282985486155,130.45803497491443
197.99521381025372,93.72284872364511,93.83048184484826,26.77769074398363,314.93908427144254
245.16666006036476,68.78857223008133,87.1204482263052,17.84429875855551,283.21825068343986
166.5602434798387,6.78370591051719,76.60647765353026,17.6894579368218,207.53321996238572
158.89517350680194,30.096356694681624,78.84473432532987,41.42777989530407,220.15117474065946
72.55568727013551,70.81720886452815,66.49849034759953,39.46464241598428,212.31440531957878
27.930830341769763,6.73506014687717,26.0286857566003,15.389791584037283,66.61107404732212
269.16472738599805,58.217046017627325,90.71950307058299,45.68942219366296,316.0631026135736
270.12541714899913,34.588305695295674,67.0732311905834,47.6407508501253,266.6117173512501
189.93043718198038,62.091551776747714,56.04406309804399,16.33712710150204,218.28453321748157
101.70893731461021,4.5742033812512854,11.098946921348107,17.721247439652743,82.74848305546789
104.76287238379827,87.15368061523763,44.70555438064254,25.28170767109794,191.69163550569624
217.7867036610718,97.3488969177397,46.03582712019263,47.056040626683675,264.310972204282
269.1330779857731,96.88778552856915,86.45636095226699,43.815971657115576,340.4576694495553
266.1259272795352,74.96518317429248,54.66482201877885,5.12839812917949,262.4957057764354
233.96266375728715,13.008624013063198,38.04005489704097,19.63653716357081,163.53087831953766
192.60949384628634,75.82631959290225,97.68003285106593,27.668559487488594,295.3646588591242
25.24198949851465,2.458691645880151,11.072059332631568,25.156623627577,33.17118119449746
48.48861422838413,2.2123551528997254,42.25484283119446,9.693153396844634,71.00257063999453
269.56625655812377,32.36102191495412,4.202467517140529,42.940838558407734,174.60596649553136
181.928717897877,48.864319040466576,73.99041207669303,33.84703914984187,221.2136071845696
2.7591154849888944,77.04074178077931,91.80765521991506,41.89541874259018,184.76411364544717
30.441462859809633,68.32953766065052,28.003732955048942,42.93821396747361,122.16155990866322
199.05053073241675,44.590270637674834,85.83416767991208,37.41779268328699,280.18175007748056
1.518475153865606,27.362666628166586,29.221823046189776,21.960530062485866,65.63307981343328
48.2424154252496,99.71245001577111,91.07701616439152,30.527337750771228,233.27749083565453
164.62013680997583,42.6181302235973,75.3961903596784,8.018270305987157,215.6957770641354
207.568559307808,45.13870243296755,80.49067768414386,33.68227087374539,258.00406920765636
195.58837785078015,16.362382119166917,1.80065556004545,8.962662786964037,117.64804435769663
67.28079283816794,79.48095487499293,96.2810357074026,34.69747952550784,221.62795324727372
213.65376640426075,69.36822257814886,72.66709920703232,11.479908037698433,270.9192006184994
71.17472624904002,22.07696127887604,30.47510953861333,5.877565007510999,111.4175690348423
97.61990944778032,8.238104561584269,82.9394664858847,8.26422450714787,143.05974591928106
223.94742153540724,68.0499302074713,28.152119841492997,0.0996067609535134,190.0156768911806
194.8898697141644,65.45112142811352,87.2753839566128,35.93698089267651,273.3003778593442
254.76702314825337,27.32595269982093,11.258039041193701,36.620052452918955,175.08057410606534
197.28386769010302,95.08635622504103,70.36859774607957,25.746667495662972,279.6609921523363
170.49258100064148,15.105789178090024,54.069847664491036,8.068140052769184,159.7729010477774
28.102430348427742,43.23348010426019,9.653447019544082,4.177716875534488,84.37932648446164
110.31474091783005,94.36159201675989,24.189382825883897,0.9564483218643505,172.1532583999382
79.56071030451764,41.97273169261223,1.240403627731479,8.287408848261036,81.94521047490514
73.19689301372507,63.85259476640856,46.876796546450585,44.54277674915733,180.92820685842185
291.9031664257337,39.75943979627943,30.126526076000037,12.076842085084088,232.21607583571398
117.92931740002813,27.421520234867003,59.83574842977588,17.71356636086078,157.69343793957273
267.613966553134,98.39776479598282,29.72378077086172,5.267274224066659,243.19192412740767
189.34158779917885,40.9334006315043,29.99191115069847,11.118065237408514,170.86007755777263
238.44339106249453,89.40992036791344,74.31931987316034,25.961228539010257,304.125914041756
150.79112793155764,22.995460589108617,4.814283597835345,30.387634154782628,119.19225723387187
173.07116538790774,21.31047040250833,90.28949951919873,12.267615708310553,203.52196304207533
147.75530814565917,3.113408288451136,85.22638743911814,2.8866079612558604,172.34376596777736
58.57289633941335,65.1666825375885,66.78046832264066,19.551643456369934,172.54761362482444
216.7356345784516,36.852634372376116,59.32215701073843,11.710168546316707,215.30595828454452
84.23170873225673,86.4358249839637,89.23024981396523,10.977696161490098,244.65285359484972
7.294789929436152,47.32099066915572,18.533017952871443,47.99314013567276,78.67981370090206
193.64168877215033,96.81934279147217,7.896916219082861,30.815024296286204,207.29752507828277
53.13320382211468,18.552551570312115,23.95101699095381,27.843922158604794,101.74734793489738
282.1375753058743,86.86231679556109,79.45782787001903,20.788755176166095,341.0957850933365
286.1785731007762,77.65968527917417,3.4670266726483323,21.447216671507213,218.20182255197017
274.45931706613453,77.0921844644052,58.280683508348964,27.045250191904042,289.9816709569546
111.04761007663332,84.47832281168877,99.54375161913099,34.82149035180536,269.1494630136945
4.6369849586602285,76.10239909429988,85.56960938375394,35.107304809091474,188.90314321626255
278.4955687763176,62.62203216314154,52.14456890435895,8.584695385272479,256.08125802267324
128.4552444951943,13.124487768238758,6.364090928664234,25.00563760383135,101.72725803388451
289.99644571310085,3.2526179491251916,83.13735143857099,20.597904751705098,234.40142094096194
289.08599312677586,92.08478478156869,59.89785081772106,43.52634831346921,323.024749258616
255.90283664020802,61.665031452073805,11.493299705956684,31.57094606091882,211.27974980208208
88.3346676208757,79.65372909761763,9.38572848233562,26.62520332079909,132.9035642920315
115.52931858057758,48.152235151255006,90.96268194365923,5.769732108945869,229.37212696624698
255.34100145505707,11.730818896239448,66.92002629380784,30.281894466170574,228.77898388888633
95.0766015468833,12.518579220255043,82.92867993167555,5.860195284011671,156.55293734741304
50.847824005827746,68.55652872289714,87.89789002822673,16.860328778287602,215.77833330412358
167.04037873750505,43.030589489946266,57.17723520483222,7.142098240716593,182.52198910243962
280.8464322482343,20.052472670033673,51.74463517550413,34.603682351218445,233.81981305211468
208.8089390024919,49.15945467414369,43.042741032099016,10.31260569180763,200.1006316598558
171.01835102680948,6.420893707513409,31.69465877911193,19.5929686594013,148.84260703128606
29.15294813123056,58.19714019143988,43.459596085871176,44.783738880938934,142.2339699239091
184.50216800975093,26.899340443509768,77.38796557301563,10.215819169948514,199.83935307774854
297.01615503127897,79.75591006371882,60.19234310151316,25.390253197938957,294.45608357592175
42.02520457095721,31.036195892357377,89.2523289954846,20.9635830583011,159.4489592968046
155.49889570912103,45.52201490818012,44.33800143791877,0.9062020522864866,167.14417228574857
263.21192157838664,1.1620539908100636,60.7089578718754,39.63790567864064,233.42753342157457
222.23058532626132,7.244688779455888,63.130755309198875,3.4522953157299865,198.92138480605172
209.10472229858038,39.24935564066848,59.16971623063255,23.71275104884768,203.42303822740863
210.7452251961328,47.99388347171235,70.26337730855164,28.033914746947495,255.5435308694753
107.84734536592654,60.00205481193037,23.74334683748063,31.421322830729352,151.79581489588816
88.07755327934801,29.166257870930323,51.23637775457907,34.431581465393776,163.35970559708846
242.80834664355407,69.49818861265426,10.422480280834767,12.663619176135754,201.54985532749035
243.03401840375423,86.01223971892045,38.45113276448126,0.49893883292246866,247.7807531715021
260.1216955740311,77.98509888933498,48.76670686212644,36.1721831177456,277.33773811818384
273.9721657669414,3.9618825348357145,65.22242595454725,26.78282996737893,247.9544555992508
153.40271965828134,48.0506947257829,95.05310525862035,41.805885160362436,259.51167937650666
150.45488840615988,10.493017841817487,60.06510665483559,41.06941814503472,179.36248488492845
239.48855369003255,24.204501586252746,74.35939161765597,42.16630838939416,276.36328029331094
194.98917923332954,98.66625932671465,50.626605949520275,24.25473299897701,260.6227352396459
210.590063177311,14.249554290151323,63.41040313763313,16.681419791843282,208.5334548710864
238.7378008308303,49.888815345135605,7.093221613377343,39.5779101295685,178.7755205399342
267.00160254526986,61.81557343181191,25.439158084184697,22.564705651462745,214.13599693534837
101.39854705546074,70.2464970544104,36.185309320513866,9.172109820171725,158.7492630693969
112.6748857919832,55.96486834869141,47.249335500651355,42.748700978073714,184.912972740253
28.194581952260698,0.9770847419183659,4.564874550238374,44.127993838617364,40.692378883038344
173.4840422988522,32.64613082439919,14.002409755331769,23.315487807008505,145.06093719566928
10.782682139022626,51.771164338471145,27.68143077913058,3.7849863654893734,98.18325057497451
139.67940543973805,8.786649914483336,97.15326909010507,19.391304495846562,212.0417530025927
162.793390412273,35.06269312091808,33.134700710305076,40.17688297313017,161.90453524158778
85.96237563848533,3.3203108791366565,48.20410581120825,45.088701427311435,129.4204960809593
177.24997817070323,7.857849715502074,19.609771273839293,10.173637124879791,116.4975118527627
9.150074981714829,39.69232762015961,61.07800710757682,3.348680601263576,107.75471731274982
11.204456624764326,13.271575404306034,28.068321551597432,43.86752265664193,72.08583143543264
246.78016819789747,56.75408482615582,20.699257843842677,19.470246948943764,200.5381537158108
108.05719242337886,68.94649691372658,51.65726284459791,27.088048213378162,174.87598436448113
38.11815379556543,80.05866991090829,0.5505799160420821,48.40329060253794,111.53213627210071
156.6729780164413,20.01502442448101,0.7664032649225327,3.3282363957111425,91.6590579346661
230.99806592958325,16.748258225906977,21.906880910185777,32.41590037260478,145.3409499612803
64.74630824905296,10.456784033440025,3.672136250082114,3.7052711287433535,67.89802777363967
186.86714274570008,63.64302495436367,10.802575413069137,18.77344642332502,179.46284622818567
25.604239498130397,70.64757264869012,33.88606493387516,40.190727259672336,130.33488489522094
15.504516350582309,3.1586144825642037,80.25856795798128,21.67361163778172,119.78178879099507
159.4063894704444,93.62122462436898,57.204864336930086,49.85911769514752,241.4449387829464
162.19053648303196,5.1971283651472415,51.26677259564164,27.952964247330108,180.50210537491046
191.22897044946197,54.12963353010704,29.348882320812166,16.058107631797675,202.74460236060094
217.82740011679846,70.90605194509165,93.17537194328163,11.005566295237657,285.61926500601834
292.75562383876036,87.09691237460856,39.70150412371917,17.52602671430809,284.44806923796835
154.8901044903586,71.40869321324278,8.70927667957715,18.62666368797754,157.95200483339187
96.88694188237379,80.17280830697918,61.70665161178013,3.4356838861980488,175.32385546386593
238.5558584306111,33.94501925428061,11.38383934766014,18.47870997133866,167.06354412908883
81.24967537862227,81.48251137465122,34.52231428016921,23.211925986961248,162.48405918513149
131.69142621169084,8.011484638467515,50.74119387178089,36.13688761194023,150.28098884248618
23.536914402679788,89.48166560605276,87.42225246851758,32.8364742360804,205.7758444157011
7.605223024637253,54.75923761537362,49.35465803401187,35.438282761457714,127.18456532721524
288.7945244033775,81.72977699624937,70.22587660316643,0.41818409384285493,293.494261200139
250.79403615366175,45.23182845183001,99.28168389990704,10.883369979026803,287.77310841057425
208.7922618281094,64.35776951965249,13.148911989798162,33.084214419992826,180.90551890556415
122.68588332428097,52.640266093611324,27.47315255195195,24.199468408987357,143.77245715348494
51.98829602125373,73.15895217553319,39.45760755976464,0.2656737834172973,119.18400043582166
46.93111280132582,8.162998203058958,42.18281785388314,40.22473212159112,114.5283311575865
75.0728694493786,6.03520839905638,41.102107526554576,38.64047866451687,93.81494825610679
164.76799941183614,24.710323401014644,90.76110025565549,27.420958149678132,239.0540570564925
214.3787768100187,15.954468011318834,71.40326444668564,3.323166288813606,221.4942738960038
198.0592130153194,87.17835665922017,60.79052140907037,38.32575247662923,261.6945631420716
83.98016908378285,21.92139873580443,30.93727178627821,29.185679386568196,88.13196642773676
286.4595841989582,97.58652558191314,82.37903842212947,39.097998857897956,339.99955236663084
221.36907500873056,33.68957917711069,95.5060511484989,37.58734961979202,274.15403038323956
166.30621575342022,18.211791568869927,82.11982825502265,40.15010359789186,210.25041499727922
183.51622387030568,78.96985071424791,0.15651051914729042,25.90040332023124,165.5098631835842
125.88001872833698,65.87077755008761,63.6401370183407,7.016225909675749,211.51648336068638
74.31929685034724,49.8195716453139,5.1135381442100725,33.557873668984435,109.93554733888492
106.79180359537848,55.53635509376312,25.760722033372186,31.02368925259853,138.10642472052447
227.35383313931072,71.92017782722638,5.952470034777169,37.11265935995436,184.64762679318736
4.3180465889267605,22.845474133129873,60.37954529493877,8.494050302536765,94.71711396031814
34.82179215207487,99.63339160567419,68.65899134926067,9.748759995014462,183.2230871831939
13.800792606525825,97.4793162146783,11.448763806590511,44.52047586096642,130.29664323312718
12.218640695691041,65.03256863469369,38.38388830449795,37.49888992260354,121.34220804888353
256.6381752033022,19.954245092914512,45.6236508955542,45.411424435016144,231.39271516527603
211.0973578140071,68.02282424312914,36.90530217609166,37.93576605819604,246.36630094833674
142.25214872619756,7.219840897917584,12.102500048519305,29.857765299515094,117.49461654380768
29.350248195300445,3.0652502205806065,41.89477901874754,32.70663685139368,86.54415613414024
147.4847625350497,25.76828885112137,75.11780478084181,44.456396197000494,209.34071109309946
142.0415312341697,46.26229567393163,7.100766453325546,28.940337725597026,130.3489931937803
51.960560973004554,86.82725054083805,8.018001408190345,31.619566216419372,135.8418314633742
130.15549477139191,72.7169069766308,35.47712918359842,7.823835800180029,164.2449950079137
119.55142031921203,74.2706521199981,94.1725711618925,23.696061005805134,246.8691809433584
184.75502941566495,42.54933344480754,66.85726467229141,35.81985559790495,228.649591447982
190.52809526029313,34.59349925469629,67.86699566725648,13.54713491581827,207.48968085598702
13.591202931613356,37.10387629846027,36.1919990837865,10.112709026226746,72.25207134201372
112.38378438794136,98.76495637360578,59.36607912085384,15.691340411220779,219.0877015207891
187.75797471427092,4.010919141248248,1.0131184027743378,12.075031399641672,104.93844387469443
150.9408775740263,86.70314961224486,63.60960464095422,10.745631851819793,232.61426785141168
256.9469523564967,57.86754085723934,91.32869475762368,21.242542143404346,291.7714647948392
197.6080894856835,43.86154191895905,61.25734683448192,45.391925694176706,246.8454628840238
48.88032812442891,72.52576604151365,87.3698593466345,25.352982336935913,193.74865970142986
21.170624220128953,48.666894142470284,72.39730554660937,9.396019040766152,159.15360834461057
192.72578346189468,87.34232380816606,12.055841640369025,3.848583469043704,165.5365457290666
7.9533931624865435,90.07018640112585,90.24533072858418,34.80780725689626,209.55962757615166
175.732674382039,42.17209268734554,6.644384435577488,19.139938221819392,145.81554242194682
282.0690724274873,27.682779723505156,53.39674725477638,41.09154732926796,243.9562144164314
172.64225336276368,59.23503285933622,14.213712379345766,32.97553843203851,174.79487026189898
116.45097786195657,91.2363345616691,1.1706610730904066,39.81207252706842,169.3017800818647
192.98646553270595,21.066218900566657,42.2034260127639,13.597301970922437,149.9805118911358
137.47586714745498,62.296658356348274,29.504070765415623,34.6179461230529,179.77836092604474
163.68503679478047,63.156022009252055,48.6000493797603,13.203099234685938,173.67654659801502
282.43944263295754,73.3113022415281,57.71998867345508,46.95342397251458,287.648155866124
115.83079134023228,13.15676851272598,4.373907230894735,31.81871407666872,109.0723912523813
288.35716914717426,71.58249646820886,12.300329512374564,16.225590008767103,220.12251083434344
271.6051925868191,90.9032520665641,55.86423964504254,13.475593114613632,271.9088417453903
58.737340436788934,17.968310887024195,34.316735317265824,9.546329253582176,88.6718215710353
20.808390262549636,23.754332492387764,72.9173487549448,34.73204794468639,158.42677177956614
30.233400413227997,97.13950940416396,65.22916485919397,10.935780649896365,159.3479514788555
5.466547695464918,18.097695270948975,84.56043629899068,29.765163296374453,126.02995248471166
28.33288822677852,85.4385093369579,69.24928266692253,13.231751346267867,188.52975842281958
204.90203202490704,49.227785644803475,42.99310773901481,33.09844723969343,231.86106559430746
21.356594538068695,24.723107440317705,67.29666223944324,40.74698642702696,134.6266575219337
95.69268908812839,87.07499012725114,27.538117425541852,38.90126215723266,161.50230782558847
253.46259329083637,44.53052550026655,30.63134987782127,38.042566546539085,242.89731184503196
6.981580720747759,51.48173539296902,78.89851599207933,9.386120284612604,160.9304939535038
244.34054477668073,35.92333693997657,44.64195164015822,4.419247349225936,213.9203021956694
84.55643243201997,59.29508514349274,79.83803405183525,34.94744142436928,198.36436655825386
35.449448286496875,16.352387258502276,82.24223736682784,18.417360689717565,140.05744179569382
209.02114960924519,39.10815366517607,85.75623376612837,21.617311320167364,250.0713642377696
188.68285403396519,96.94123223352875,91.66352358412072,1.5574546396695532,286.13362693470793
263.2416040581159,25.813343270112753,43.098522051329624,12.97882246375246,226.28701096630857
220.52131314116573,65.67366645412922,31.886681832113883,1.6838201937232011,210.86807046003088
241.04427911545457,32.51900642246949,58.21987465941139,43.95928863006238,232.0030066951864
84.61037177139194,77.34731256866006,37.117242343762754,12.169834160926523,169.7905917498906
53.231863133916846,13.087366071834982,60.1074166800233,27.866858478650403,129.06616092777614
225.1844254922575,96.98210450785447,70.55858626438246,1.9489660330565206,282.8882374480944
242.0504217801792,45.37895413836392,68.84050184921368,33.3423695652829,274.6078067517929
297.151542600202,23.605046334646396,37.45528870201213,16.151367287704694,210.98117268771998
123.78530307342794,7.349674733001265,16.68602016987528,44.89595934788329,114.37493534863066
111.60542573783495,16.975790508754073,43.05293384622075,44.40590944670179,142.37586604581455
232.92388822259906,51.977394855601766,14.259414408190874,16.264530918087388,169.2352815828079
102.24106207590535,33.70031764312863,89.00970351838083,45.04804478452339,215.3883560212758
279.2271976810694,82.88833658826094,34.58774607378574,49.80788367493894,302.429859120494
257.52382555290353,43.08875236618059,15.445974722332378,41.2707832061974,188.12977681485603
128.6982082125055,24.871427258762992,2.5447759905750877,42.24356738776145,112.32331142411542
225.2613203374492,61.714498660403,64.58223862864843,12.450436805454496,253.37663688544558
226.3628622254047,70.67772168854458,63.69023174547432,28.835119942887815,264.68374054040174
30.93716065077978,16.704190790094987,34.060416658129164,3.3627956983683926,70.59082984108451
270.76587200387,16.761921628831765,7.171188884765101,4.745896841083486,147.25327443691037
151.57571173435716,3.667142693354297,40.9628894895232,49.94463060166453,160.17168319969022
247.9372398323225,73.64020150656405,31.12174950633936,16.331962471295547,222.4584182416378
96.01488030918352,66.38045276218051,67.71206397350093,37.40919560244232,182.91257944421713
268.65696854886016,47.46308757498139,60.57792494526903,40.33325265134082,281.13833806467983
116.76050362024894,84.41704489691972,36.459372819754,42.90116355036146,204.98969144000233
3.251295444089508,80.56701529500532,21.78925542549901,49.881414870107825,122.67182515922333
271.6145929257791,58.535436439675216,98.80359661555919,12.074824262843393,310.7356029930638
27.38600303584007,86.82712805132586,45.40016211961149,2.0175413429849853,149.58860343546112
95.79409127712447,20.584121003676824,68.82742357802371,20.5595758997293,161.53639284275056
285.01859011524147,11.191961939772789,14.055296757836079,6.504033491447347,181.27181636132377
285.1821440812668,26.974961151698963,48.55896996593978,1.1212944581027562,220.13975958724347
172.03136643698582,5.708685608931486,2.7536719869465487,18.021341357074306,117.819680289958
189.55116365093977,53.1169528001032,50.545511791044994,39.18691255376182,224.64376300639034
134.53365659349592,93.66056922949615,96.40174071177023,28.309034561253544,276.80331270728004
87.96323150941936,3.9343540668509647,38.420671298580025,15.638899460517703,89.91663335567678
98.59936361097479,12.21099140100268,3.8996012574911587,32.71710027463598,86.24781514307762
201.75553682311153,45.21990282834353,3.095579091934353,11.600909015440536,139.4093818188716
225.71235883130402,93.38750175279048,38.798675994686946,0.7190723036042512,228.17320812838634
237.47371311775456,31.61561049767505,16.002493646319405,38.21766932182137,178.0091826425322
236.88544283836617,50.723480868839246,2.335209632818591,31.187154243200453,169.8737009005648
27.36183091460711,4.15728590503921,75.62136139501769,38.115131225047996,151.86917062055457
148.32609141077444,14.834320096208886,45.85230088818907,1.9469008343832805,155.53479396869517
17.267628004993284,98.66301229588468,28.924477197265453,41.85598139153261,166.59086033228513
164.85866469712067,96.51186964360456,90.00831830164807,30.976310001815165,274.00564583095513
132.45915041201312,0.49399809344096157,11.613896020052561,28.169767535632005,98.17584692531054
266.3112548274899,95.18117854232389,95.59188289553192,31.23070240572658,329.8141749136373
105.2745037656236,63.91199378155004,31.396671737735282,43.2216623434182,160.41890162741444
35.12010492828176,86.79182945200222,88.84036723086813,29.346825327945353,202.02878206538585
42.89750461585076,45.47398556338591,60.294287647946156,29.047518994408968,160.00543739723048
228.45318951524166,51.55960285792502,82.67073597414874,49.53395785328829,280.4372381438947
185.46541899487832,48.88465802569202,98.40131632104642,37.8365083534284,283.3077138522456
30.336802836837073,66.68642575461044,28.840543781874572,22.114690272556764,122.43621761977562
25.23204183449923,13.96512547563129,96.1135485407593,35.369850001646384,183.38267706870153
210.290739437736,2.9973589872677953,38.94818949024204,19.461523584589425,151.16355621632908
21.828901909258057,30.79299415911909,38.55119047369223,11.44377312417495,101.26887112272793
246.55801778710688,70.46807627366466,34.03871042545057,29.84259384438797,249.8698874336659
211.87266814694885,20.185345212294838,54.14076073475852,46.409104905697575,205.16519768816872
24.40463419256993,67.34324333249174,15.41450431784871,46.45697600077314,122.51983590889228
25.451314225557574,96.99120461072704,55.37114853580112,17.095263905274514,170.38260701774877
295.99187355035264,9.39007157894184,54.1704812410004,26.38387331108475,234.06813291464704
112.2812387268361,67.26021182251263,76.190181260487,10.58179492849306,199.4867284213884
111.19264412006727,44.375021930457116,83.36499619375856,49.78155547494417,213.81217380738423
243.83987017725076,86.81422543775054,44.044135031242405,49.05589539339679,294.1559356702141
284.17457321515764,17.71497894473859,30.233324935149376,32.475446485372366,212.03135576634722
295.8003191468613,69.26259522261645,25.933489731709447,40.22070298387367,266.38414523521396
226.0134555776825,83.81152896481102,19.462383670487192,35.755008064185,216.95482238711017
112.87787565927474,94.46142194740233,5.764758219902488,29.65791095197341,148.9220023604099
25.050215009600628,68.32480282896458,34.244797883471335,2.6673998494448847,120.69899523030395
233.14407477823104,49.71747640084273,27.024769213078326,22.738217127633053,188.92290972654817
167.52127492074152,61.78472402012139,96.64173858664074,33.739315108370526,265.24995436640637
127.26660277409289,86.89049844787182,55.77088262500439,33.876580694184234,220.73698182258204
271.9063155284208,57.060974663882966,34.72770390305075,18.65613092111918,235.5825867500497
33.359244691845404,3.038705969683686,58.0467600993696,47.084599332901526,115.22652599049252
147.78753128725774,93.09486955069778,13.91967013456955,8.36785161183905,174.05217422373323
3.4060934302257206,68.95267510315611,44.40437492022029,25.01797231077803,132.08977764654702
140.5981925982379,67.65133857772466,62.62343214210638,34.54419882754114,227.64118048294432
16.890982704551206,21.567515239771716,48.889783179245136,34.85679029459046,95.42327944926315
35.64537488042158,65.88854702326572,40.177880065432426,32.43194783844078,135.36459886111876
35.257874033131465,39.386440565415846,99.38483888996981,13.764410672593009,188.6061711591874
194.76309063481906,65.12329770414921,88.0314762148927,7.810328434331098,268.7506238749375
223.813463779627,10.659303030799073,62.34059581594401,31.797016341335542,200.59250458357624
175.01062952914788,65.7845304603036,56.93773611822828,29.965105806971888,229.95208496239593
288.65176454236257,99.94137257706666,62.06604798245841,8.967800514462049,284.35666572671386
112.46117385711122,4.821203886055603,20.131210782243325,35.25695727852817,105.86852636381268
85.71362588455823,97.71741842213173,39.51377432643186,22.75859958668282,201.0801067911722
260.5797384568381,40.690796072287064,3.945953289089932,33.38802958015765,178.13154060856138
67.0787515558358,87.07534503372591,47.554603748682666,41.868353988507536,177.0429582415065
288.9667618321834,78.23854840582734,54.302458395766315,8.486421428846159,284.9693203887095
3.6463424069449024,56.70162609866678,22.77497361032096,0.9572433998418339,59.660771302599656
290.9636480122917,73.84492092513266,96.40288471655137,38.955129319789336,337.2867496991368
12.947973585172834,87.8515561301348,90.9454610937242,30.484871257630797,210.14511913955928
267.3429341094213,40.4140321651033,72.21432354559059,34.98197848110608,267.30620965327165
158.31033272588996,32.70331615632387,53.33866287653626,41.90774874943213,192.10916411739714
297.8894388357901,66.75933855635847,86.99691596476849,40.14054674122502,338.2746745685894
22.13896942061966,80.78459419412586,13.065234382346292,48.046007346441236,124.41850656765642
166.15628532039622,76.22851347766158,79.0509794274885,26.79675394260591,257.66836508383113
290.7907606857297,79.78136488586345,12.48208139668483,24.42478163299527,235.4626161146742
156.92935325104463,43.5583314812933,79.42106625494054,20.094359994536504,224.3738484658971
188.81959144057876,81.78342161750216,27.576756825135696,7.684552142210227,196.30204568878247
208.72460669538515,12.020905537060845,87.7090581018189,28.63036164410112,240.98617058524246
136.36231943033198,54.448909796084955,94.40420938253979,13.85062621629894,228.36639428968127
188.26742402521904,0.575866049812157,14.879596940511563,46.06537561064877,138.26345680366697
175.29429357693007,32.45858299002703,46.267560506539354,29.15954021385488,176.7312319911267
270.3474031472967,36.646153487139784,98.09873781626851,29.642009025405507,299.6442390580633
13.63391410243736,39.61726916092554,48.34074359731466,17.746233043850502,99.05739588675854
84.2889568776691,69.54672066898621,86.35475225145451,2.5994675988853744,191.82677373348022
285.12344522296763,38.85581012703457,58.87315221313199,1.587188268649431,247.83307780861338
267.0791351672749,44.86936226225306,37.53299079196019,21.166757207659874,229.30209842696465
136.69702583571387,23.754413087432745,28.57835555258702,4.228268904861893,132.01176874331043
186.03977934046102,37.325179162934006,20.322309108608728,30.342347777006957,161.16095690136137
83.2143548943398,22.726962726315147,76.17981913776973,44.04865028198287,181.714249231103
56.436347917128394,7.319592376844364,38.65405068230279,44.14574082593611,112.45412889710133
139.10952148199465,60.34485933813779,51.12754622007512,32.95227050661162,203.40280405788064
106.00566840781585,66.82127985550163,49.23254800011819,10.56159157364655,163.61933380461758
175.0968335552616,61.94903460096145,57.727902923313124,43.149841567943604,233.76466772985376
23.320391089495452,46.34940438005724,86.55771456245522,44.30467176566041,182.83318254368263
292.31844229984995,37.978578017922985,98.07393435834294,9.832679247647935,300.20219701194304
295.86322334388086,86.33336495718252,40.758420857381694,36.871304288533864,267.16641465595393
209.44851420592354,51.908178513621806,82.7518922106303,14.325977446356147,255.7535532741641
160.8289099032361,47.9181877629731,76.45277946547176,40.13201561764648,256.69686028512297
92.85828488589833,2.5642065806435688,57.352895145557326,49.86189499518014,143.62072619167105
244.1385059120846,34.12478276261564,95.60471436119332,1.5013002664696407,257.71474558089534
205.41935176616377,38.019561878585705,20.04745155284028,44.86829328954659,187.8367288202007
48.78508180346739,39.88227808969005,10.92642103096214,31.131526679932904,91.21276672326577
273.2781553481527,58.017236922733225,85.39619669554222,48.669130958241055,326.6571334760224
246.7611728769507,53.360254672687844,43.91498166337483,23.25047587632138,220.13837213937933
284.9399739875772,60.79050927934446,84.69688542070605,42.369396528568686,325.47409736500254
217.715852516508,76.48832615421283,89.30902051954149,3.1197034299138613,284.995454475537
184.02455878073695,81.29857387160935,6.245759361907144,16.763952503914787,173.18295585488795
125.47291088718566,71.81230762264944,88.34647629860606,3.3508268875604985,231.5994424117929
279.818545006204,95.55236959549347,44.831905536942216,48.76715667395353,309.70432364418315
259.8191668501225,1.823258267636163,51.04324890042322,40.84869536359184,225.85245973811766
13.565601031856822,19.57779856835461,62.659251109321026,42.62737106229852,111.78237021843915
7.910092349175601,0.756287497814212,92.63826067300867,46.89826157169471,152.06652779102126
112.93901006341488,64.7474714154603,1.911609442976403,4.255174305989268,112.46763202891576
243.16599923454987,89.8030548949987,47.68434683178171,19.27987962566667,262.9433284869671
296.18283879448336,24.34822965762993,68.77220424305607,3.551744452200106,252.95966479634993
45.12506733105845,92.70345447963066,72.27069576982285,10.53965507750143,188.27149533153946
178.23921460564054,6.026739028956085,69.2532431537108,11.468288851883617,195.84293859263892
114.26725698930646,93.44360268055144,13.443512940812186,23.455360552378934,161.25676290100427
290.97431934438094,35.16226872396344,29.93955883716812,13.428108372682129,206.40584899574057
252.6356769407126,10.142082844921651,35.87155254170135,5.048905340888055,176.5714124411708
251.49861141334137,48.58717591863256,80.4437207679505,8.374554454705386,267.9631912040453
140.6079479384911,25.677656772050796,27.875987241455302,7.363778177604546,141.00769882616578
124.44585070129955,28.487290196192284,21.070496386720315,48.653839895614915,145.52060395852524
82.02212157921187,30.728996492628657,95.74480190380962,37.96462534592368,194.76144268836418
16.912648995278133,80.30258978326634,0.88632851134689,48.3880732634781,127.64673366274418
259.416712876516,53.91612766752545,99.78208556819781,21.987024325395428,308.4197289591328
243.87030273902326,31.130769915600364,67.68212988573956,13.91842408313283,249.16328499474923
299.91530198583916,61.03337833109184,82.84692994491171,39.91465986045933,320.63232117219036
298.9910511221716,71.61506742231936,29.461939634619316,16.31269590205734,257.2631170487734
166.62951168078823,27.262400073353376,1.4315277667059978,14.969168685267414,124.21869547546851
230.69622455415316,41.354910152535155,73.78695185615301,11.62529961039156,256.1335095102658
283.4297189647284,12.188609333694755,83.41445970006758,6.483948911211767,266.02715098991047
254.89421720322343,18.11493495346803,74.04761319535191,12.823153050838298,247.21205423004122
74.2044305229593,68.11178539649828,14.285028730083859,17.765987423694384,116.24240319705446
135.16324059302806,18.143834769562694,75.34279222569691,33.69971040728652,187.01040460781178
38.747824545448495,52.516338366706016,76.8922782107641,3.128242110972579,158.86073718883154
286.2153081776167,70.90462617224327,65.85405156700548,10.525346983267148,294.5027058203805
181.852390335264,10.687692309474384,76.61159327955862,40.45118201458382,213.45376315166607
68.59284165103881,56.73122196289035,84.59214396777321,7.346096179188538,196.25134852181654
201.510205321757,25.656278370136377,61.360411423745845,17.132257326126076,219.71814091602005
185.43847213736876,96.29268752375798,8.860471396967906,43.23294609290701,197.16251022906226
107.44881540985214,48.35456467199247,48.76278096672109,7.746265557172133,147.20194889892582
34.0672776598887,80.59925497751581,7.764933467160507,4.136841780909495,91.90931745204195
201.4719586778399,55.022654215626176,40.75430310324308,24.22689975400054,211.27153296960486
156.092310271138,4.341253285481916,40.71064891256276,15.12097556392682,134.1988516597154
231.6955175206918,63.31513755940223,6.600984414024158,28.170418224192705,204.84532782788375
156.04905033359802,95.14033422066571,34.88205339694793,40.19024452417376,224.35007194935787
255.65445009556203,60.16118201463312,11.099809879131485,6.857424407637158,193.78486764143497
165.57205163234568,81.91888594267903,80.82352100092221,29.03495422771425,248.371237069366
168.28139146061588,88.42064633484078,94.76880259644707,25.275438019493198,270.6068805613379
262.9960807975035,22.807977194893247,7.231647525793861,7.203939300659979,165.55485526883305
121.04485986371911,21.204483990822666,95.51152072917014,31.19992427644912,189.49384030384297
40.20456853519222,61.09809888509917,52.25765993367452,13.682020893038583,150.02554192834873
8.634802894001691,41.10284698067047,29.95656779538739,24.391715927200625,86.20105149859926
226.5411767020857,83.98613028667204,7.686207527616351,4.113616213853094,224.58204103777928
186.0928654060394,90.00231233980112,50.06242680704178,22.979202860681152,261.9898789658805
211.22393042976708,35.34213793027181,79.45155444907486,15.323173402141016,236.60695424680026
63.88924845267322,23.687055897448207,70.70864772666981,41.119060559267716,159.3527125265464
40.91144267603093,78.05255152438619,5.022601146397376,2.848936349868414,100.59006088314261
4.363399700364578,27.48060355481361,7.290183536790352,20.930363745916498,62.50434728491187
105.1762676419791,82.26143185136785,40.28732826326371,22.9215712065719,164.11472536758325
176.9753060563899,42.37382536487628,29.52904940479433,36.250303814955934,161.70800024127587
117.67321352991969,66.75498992914704,23.238432305604782,28.714378754510548,151.13499667216573
131.24247660711873,9.553531383466819,28.10044989087136,33.360616859709054,132.82834922694252
271.2476083481245,62.3859324676573,80.34827432968846,38.8524642825878,310.2306938184429
104.4766401069901,45.17676787372291,92.92280536318539,43.11014868290944,236.45090454788001
154.19684674794323,58.66084631754741,40.510269452756646,15.693774836123525,170.05871338933855
235.09590382234293,16.801420774486342,90.61110021324971,26.901135268195148,232.70165131788852
118.96283469638105,73.68737449441821,32.1495701247882,42.005403921959996,190.79418539966838
186.62601006836204,86.27970775432286,47.64369863437916,49.472556548252825,240.91078079819366
258.70911262402353,21.673980009077564,22.602899781599973,44.47596555218816,180.3179207446203
284.85618709729266,9.571455552016172,64.0476042175844,18.57336313121884,239.53703838968565
44.12204427871138,2.3638586046336396,97.89811151748088,9.758325860932521,155.21659524278593
277.97628754844834,64.1971500443266,60.34930960433786,24.469626870329435,276.22624013587574
147.63488792386147,60.70940360887808,35.78140841135489,37.08207259180211,182.99341663591542
77.4733164896875,54.669741271407005,64.78174459905284,24.62845353766488,173.39399458197263
137.7407268714784,23.194709611597542,12.292067846538757,24.159043165683425,112.96621081626597
294.00977258564313,39.09059959055147,88.86590802653987,41.91152105409003,296.58289711016295
147.78542819786088,59.4476335186173,50.30839507798363,18.070188953359317,185.51620160951595
98.62548308625246,49.67668588591694,44.93497420396421,42.98973374058228,173.98269859110434
190.02025629501773,98.77855202148874,58.58647884535192,20.340240047586178,259.75767382143886
72.04368563345793,13.643975255673313,62.47838627894025,16.41165528391697,133.4386777860143
22.758998432599174,69.51445540475937,7.177580622651303,22.69949555998495,79.27237280474581
38.66391657319477,40.431876810429216,68.26172212234025,38.12234793374342,154.64990342063842
38.41375168733173,42.819961492561475,24.193168031552958,6.300101393199714,64.50405704706986
45.5708080536883,71.75977656581762,71.39526325065899,9.82096079360087,173.54488429530346
41.64815179482304,69.24361513243696,82.25347943841967,47.5722412831546,217.75506517749312
192.26242344096437,99.12559937021884,80.39585075525203,8.77458136906787,262.43013962397936
54.56402531974345,12.839428945412523,55.25009674078891,28.38636589655273,115.02621470990253
103.70018499715896,10.410964938416633,52.016989231075115,28.965723333096893,143.26975331356235
269.03652297180355,72.43388171287411,14.287596133941172,24.48122310251224,236.82764242271261
142.1884920788617,57.83869170064091,77.53461504031355,32.23726242884093,225.26684874262293
200.26732155630816,27.416066655980586,27.140938044671437,11.491336289880921,154.60793823781384
51.69596136048895,7.9419368988986605,49.669542281794655,27.633113388837412,88.69561754665861
57.68670564260123,8.565824959643054,28.42740929275167,18.608662762344856,82.00848289080504
12.260584879943659,89.41908746641182,13.382836299969314,33.08336298145945,133.99574416337757
50.680518921649366,19.18673247187429,62.95576968917366,7.061177168657473,123.24685998617375
83.57710170958758,32.33715621155208,5.4332034822903825,28.543870841973813,91.08165271613107
53.10314528302405,22.6656402226988,74.86452341262,9.263517769166185,143.30044668398463
26.610760127116684,35.49963058319373,31.758679526111667,13.93215315575182,88.0638718154124
36.190761330180244,6.942384274609337,0.013469300448532007,10.93549001617916,22.096601532422028
138.23363040981772,51.90597909082704,51.11291392372298,9.141888993440855,185.69502773887965
61.90011552173775,6.76125635922149,4.6851908527603126,41.28554757803335,69.010235649496
109.28095831442263,80.03565078223616,27.616955782089946,14.285378383044517,160.55670627067144
151.02518125645707,23.3712081910433,70.69764874557161,46.35618909322247,197.1067888589001
207.1184485888096,54.00119146045106,6.268962162186586,48.49632626725954,196.41580713709288
11.793641952329681,88.00790875614582,83.93384923560023,28.563023496854868,200.80860861524582
239.82311967271278,65.08773690471942,0.3819922658583108,7.15005613328632,171.20096538546068
188.37011684727233,53.29577865513353,24.682386920190226,18.727412168979065,187.6952414901781
24.527709584661572,32.43337531153756,74.09040561520715,39.8866131674107,146.07530129640375
262.07358723203316,33.300191305819794,31.627014972930677,18.369536434853522,198.831051563991
276.261720159544,66.94869551981901,10.189238806601352,4.350860915139437,198.9303884378296
18.323387956459126,99.41393612211675,36.02339188004279,27.839245546409398,130.91377492893903
83.06329444416112,66.18391898493786,27.039328638452552,42.25604257480174,156.99502612523702
241.8603839379184,55.77834173700249,84.27119021605549,39.79631935717512,272.2446364487493
224.4779071150975,73.06505102392461,31.334791758514314,8.756157006517661,201.2620003781586
55.3563058069132,46.52056122837182,78.89324717760073,33.63823072062333,158.9935568408636
62.80479700101309,6.0142342600785215,89.18721448107347,11.025213171782354,148.99287426101802
111.1416308374146,56.22968158779098,43.381741957652956,10.910376727608611,157.6556724719701
145.3568955573064,95.76252845053801,90.9943143854392,43.70358866525926,281.43683886890256
185.4764314590888,17.530294235765965,37.73180539631929,12.483447637011508,149.10490922924146
110.67409187093172,69.00048908206658,96.40784164901082,13.16236732590056,222.40193004110606
138.76041483994436,20.093368865905646,8.928952452557294,0.03266953806497774,100.83294581407017
224.24128144012695,53.582768447308126,68.70192665032427,43.53345170627588,258.0437191649798
11.00496086717937,9.667644964671961,49.38140404569287,39.62974066045673,99.43570887179416
75.73108330320622,45.037093625818514,38.76488054556471,31.3664467545339,130.38045439841366
214.00487576536574,75.61633288952461,63.27118787486009,37.51328819694211,267.73952999001074
268.5620513061598,34.757152423898205,70.38570916343312,7.60242837122459,264.1438359842136
153.50323263469983,66.4911724487218,0.43632696503090873,22.916179729378772,150.07951247591953
159.6340455795947,79.54499607897291,16.69530887471987,17.560969367439043,169.89983374093816
32.15160340193282,92.71778194794527,71.30460506343186,4.688826312850825,181.20083882671062
134.2237100470364,23.464208185545353,66.63854135782064,24.306524260746205,178.02673401248487
159.78517993650695,39.931591580930814,96.60475051286772,46.03698251713177,255.46455520566573
72.7411510904189,15.241601333041743,76.1037790250783,2.002955952534724,137.8340544917726
80.7729692848143,99.24835021583752,95.0772707731338,14.573045674689695,240.97836508879766
113.1852489313868,92.70009679242953,70.25405015348069,10.377046810285172,223.40472370072672
6.0213593333179105,53.99571302805596,29.805220863944314,11.907332683284816,79.18432773998828
96.62374967495349,84.20332943764213,10.536492225085647,45.42172759396876,145.4125773441747
63.434402098963396,52.09579772720422,78.18238633449356,23.403452711714507,167.36934892135395
98.24920565337439,62.35856880027597,64.4149221475916,23.31497064699094,174.29563578717534
35.92863954577537,8.912443211601662,4.818601239329623,38.02878212276411,41.52103818081824
267.1581842219685,75.52704204968079,36.005046590097834,7.72461020024629,243.43617284703538
178.07773606621458,12.771348363523483,95.67998154842861,24.36326770500254,219.7620100501231
203.73069574334687,82.60676302525283,50.04011457102012,21.499260706052986,246.0345968430426
236.7513715822015,78.20280876703859,43.272913601970465,29.845534527332806,251.1198873310215
149.53265967871718,70.87446977429764,45.7699605159294,49.97788516252193,196.69154724104465
26.076086426227107,3.6160380524762115,20.88827240051637,38.47244470410235,70.63002320039247
161.13196254556433,30.31283559453286,36.87071708647952,19.89328515087136,169.1050677986238
176.05233540626375,26.311256991084285,36.98132559871766,41.377652613702345,168.3407288343334
223.631842255299,36.01364074715191,5.2355020187472405,8.535418165624009,156.23260247619206
129.4978638689038,8.764274676383854,76.75676285179182,1.5231843154480063,156.21739531288597
38.274090838669125,93.69578230310628,41.6504431903879,10.222418623213652,151.1843580316966
85.13277173961734,55.38022407123763,82.21798868164232,17.020577805712982,183.09951415864768
108.92468891959052,30.552431065802356,85.03480011198954,25.529037872977995,178.33240764526562
193.77517239948037,39.698151707428345,21.199405469865805,30.75645702705999,168.71109644962814
171.23349140067356,44.72025405048357,65.73534821701286,45.53028586072109,226.35624885482335
106.82901776935387,60.05943333606173,47.22818041629817,25.492700477522884,169.4546954034518
295.9545746378939,51.567942769649775,88.0156737921485,25.063782231286467,298.0484138417913
181.73244580706614,91.93919732144174,21.57406791764541,2.5121504911491064,187.81476193523903
71.16803752079835,49.696348290583025,67.78132003100443,1.7455776328111905,160.41897553556498
30.534741786121124,99.21580148233127,60.775212225272256,27.557998095818604,183.65613530551806
45.85774175529961,85.14249577450957,29.53014775718328,21.908930662417227,141.44941350931984
73.78731851535244,20.85105143573358,13.660090365117261,41.95901974901493,88.44086868927043
48.2044119778667,93.05952146439162,65.16397604772766,8.033979235592259,193.2841611062368
55.97010721539173,11.636639788547608,73.85974581323308,1.24858310585248,114.9134769123773
85.52855060815413,81.74497084911916,31.562734376335,22.451938396506293,164.38229924374536
52.01207858842645,38.06232934765801,64.48326040223138,11.873927837612875,152.77908288718461
269.0296273879276,87.79743204450695,39.51309076115032,2.4807186669418724,258.4659803706038
24.07012369849266,86.80566901074504,71.32068832826177,36.22991434238145,186.77712938653704
157.3534168710764,80.59254001176211,19.92152748940531,5.579649997862374,165.1213929643219
123.11904809689845,79.00304363070614,89.02150026361744,30.415975000388585,260.19822078005075
294.7135850725819,30.46791390980408,28.74095964655797,14.052487508344457,200.4220184923937
33.611670650415704,8.091928305125219,36.77859877561529,8.6748025177511,62.9173354069006
119.35667971372249,40.29801787651615,5.8091952080349785,18.987576145965875,106.30475644037844
290.84112998261065,17.35245149865087,11.15122123212764,40.072288811147686,209.1039025305878
259.65213776819405,69.49510889024617,51.58619027123281,19.604678845228634,262.88606798931943
245.12162128478397,34.609972653778556,26.75926767279715,37.538482460552785,195.2025418640006
77.37084811348196,97.56102008599149,83.54802257421944,6.274314839957534,217.653379064723
51.266276217019744,64.0972077345332,1.4693388654953843,38.638570983253956,95.71402208372031
200.5929659773293,82.24805636343609,37.90940486719362,11.846666245332433,211.59632374491
278.8127967382757,13.252467274184843,33.73455467690927,33.86965649444364,220.60052728301082
167.02886790417892,86.20144822726226,1.9327630917601035,28.289077742049816,158.05092359660625
171.48380684096995,92.27571905133944,12.436839900051023,46.45723586058437,218.44883661531213
83.99372809808526,48.70619188189359,41.36426749186353,19.366125898765702,150.50091098589937
230.84787995758106,60.625293775097745,49.28645844474466,3.308259441722022,235.96149750363253
56.11312456725701,76.48098009029954,40.42897472548691,0.9577742775626452,133.70138547273746
97.1037709212731,17.483862726041256,53.093767841209385,41.34292804863765,149.55784668931233
127.63093158492504,50.25660764634424,59.51316749056815,26.236781883071608,176.84710388281556
152.2831136053365,39.86630277723131,0.992382112783563,38.76220259174746,127.236155044174
72.72291972452408,14.63739921622491,46.409515945350385,11.721280000575735,115.73211484643937
34.45104742176106,36.753442229153144,96.34992408875883,17.254187275661685,185.5613293839246
183.1860127324898,6.817230938549357,51.90322801295487,1.505193610565947,149.16221273094527
86.58916597207673,2.5811906949486985,67.75422674589532,48.07461622870561,151.8543180044424
174.37146642678368,13.516628915482276,31.18638579168832,33.39339533504067,153.94574429450284
46.308814582260695,96.31151115891738,77.39913781527625,46.66025438796531,207.1208422074501
144.34203055644525,54.952953589501696,77.2921481876115,13.274820371453616,222.76234061541396
159.77682976547575,96.582216115322,52.129604765413895,30.573180561283042,230.81371851283586
15.547061046728071,43.2497878330132,97.60138232792136,33.924998414631894,177.8961151202891
100.98128345817618,31.181613308525957,12.555021476265338,15.877485012879422,95.50895543603616
40.324403081692274,50.61418628402441,1.6947664889580993,42.405461750781505,80.23716234808755
19.012491141830324,43.95116886329101,77.0158211757096,47.35807314501239,165.43056010460137
296.98806971698355,10.566468426174392,80.71555373648826,44.24275588480022,278.1954318284171
96.70615349241689,64.08263146902063,12.020722912057625,36.953348796968626,132.4974798712886
242.96233375639045,21.60381825095996,26.55828329586061,13.873233986247701,171.67348560894106
76.39219642912916,61.95879548978296,1.755236336662891,14.080802105281586,101.51314618138493
204.45081666717877,65.02010923981534,29.33086107805647,48.1680160223019,234.8755113174134
228.06835796690598,15.20248531286481,77.31418739186715,0.5142247967846014,220.68059931044743
178.69162218235329,6.134962711066816,51.79605277125789,35.802498662107226,187.85172593191518
141.47285656504752,78.07615860684398,34.80955931682881,35.31230812776311,182.25399197331674
123.55227424418057,45.98004237693202,37.17392949063303,31.134477047489874,163.42718703382715
104.66047996289859,5.816379550547579,0.1353625715468154,49.50544230434329,75.87536090063884
278.8587432743478,99.48663171697672,29.98005275652359,15.593971788186261,249.5818741161763
249.18582233631875,5.778056099636664,64.64587416379305,16.998593189662408,209.59584688362747
289.5080731999538,69.50352288585532,97.41944438163571,3.9469701473277774,331.5473635991564
37.28916704566342,98.36789252634136,84.70608269838995,22.139906827186874,221.77029916498134
219.26024256109326,23.918010421592562,2.3594964645529126,13.052426311742405,141.8574283828736
281.50213704631136,14.224936868719617,89.85606046748393,17.169335108882212,254.93288604554212
54.36991984969804,12.138493942242889,78.3198413298626,41.72858951278138,153.9539118682679
19.94888021003325,30.327514756759555,78.03761235709804,46.77422567637478,158.96312223378413
222.33619478701772,10.10458110106467,45.79957590035715,9.286653600259282,181.5386078107307
172.34193395397358,69.2161341694132,39.80052929545028,18.625446577673294,182.04184157885422
252.54863302748163,6.229179813006269,30.29157288331926,46.4315281057697,186.56328620739203
41.93171298788685,50.94221281497897,6.569485895436578,3.0904230344611316,70.81648599964001
238.58019355796705,99.66968538529768,22.82353634936991,4.6180264055689255,234.54781364497882
60.48819601432336,81.39702695060188,24.66036349780246,8.139549460311468,107.87660723019354
49.096782859711354,61.52194382310109,48.40770697102016,29.760641706343737,148.09034012256842
49.27973937929788,30.625362078661166,74.7444406596694,7.523613550299873,144.77814397315058
244.37241606941464,62.389583629163845,47.38098283979466,48.40381907253668,266.49346567447606
199.55916620886003,52.70414639116516,5.784444944716061,22.335726362926017,169.2142458111514
156.9196274307358,42.60833838903715,95.77898009882038,25.07589801750832,248.3525125437751
107.64914523705075,13.071037674019948,94.27243190941122,12.332930790270325,176.8086744561776
263.16016224393246,88.66042152404667,78.51895431484084,23.548012621736675,291.7799497208215
117.73353222679062,44.97846488213225,99.13279015642206,33.095681631850574,229.73576761530393
244.97983184147313,19.462251182076507,54.448233280026294,37.55885684770214,235.9492291631362
131.74047257106554,36.77593508772896,96.27683502532061,37.69340413549565,247.37377414264236
113.08332882747227,41.4129752528927,7.560504061675077,28.894555634704417,123.1868738938609
138.80393570088194,82.75378955668742,36.568074826137135,45.217988749692864,210.91089076498852
90.41336224924262,73.3614380561402,22.538126800676583,40.87039236530547,159.26021563338833
224.28281405287532,76.93048936413398,19.583308413427,37.852405734931274,214.33602458720821
150.81611702774376,1.1031264428647214,14.08029488926761,2.780276084023031,93.5544762501624
69.6638085440452,41.615399817976154,62.241364156599666,0.3438981109824657,159.7108952391759
269.87237198237057,48.13441516353236,78.1321855747305,10.622363859773648,264.1501790696332
115.16736641196343,1.9192276823056686,57.82983994203607,33.176179695672616,164.56836900677163
163.06585833419658,25.98132087450342,14.696270958820968,20.559874444127292,129.06915413884198
271.94163328936406,76.0289823122135,81.11237699334708,20.120312964965585,319.45536375639944
187.27139877419762,13.710970572899905,63.59547071637285,44.22934441148069,193.38849725697918
35.06941221250922,53.531013145259166,38.81657061269955,44.77814240659194,139.66532881330306
281.94963708404254,21.52018720172375,67.4130295536063,45.458763202679286,258.9941603298592
188.31241592142536,1.2120774643893273,25.990497924283286,15.693903825751365,121.57813781757301
100.47168439712584,24.12014575995415,34.51922084942105,34.55279063696309,133.8720386321188
41.78162179901618,97.58737549100537,91.74858431319902,13.581659063718481,227.30272579234196
238.20755678108878,80.15371118829896,29.05045056714204,9.530491653722489,215.35616862805253
186.02182677855404,95.95766443210334,46.99882681579366,9.231622867368461,216.72445122974912
160.03832759289645,48.785404392636245,89.01411373960147,17.1053810431797,235.20920478063726
268.1677749152873,10.973619867750351,70.77213502675275,21.497880988991085,239.81372068957003
236.57916336735923,54.79594889736929,6.220322616470275,41.54745855275342,200.00239934853644
45.50246391982535,45.43773345599609,14.730304427897034,5.994554673635605,89.87046255601223
93.51662033866447,84.4357082739616,0.7841590771916818,36.74629236974471,136.70149129025341
74.54674194433973,9.808258078424458,63.09217902291634,26.572745709465266,155.3292728360308
223.1838877718031,48.82411370217782,44.767342541041835,14.397267133799623,215.2527536225267
10.059730420733814,15.004866469398426,13.427485090227552,24.640979226641228,44.467062970074444
170.96690546139496,32.467592689006,95.79341210567705,14.997103488851133,219.29220991099714
228.73760572220715,73.73570773877996,52.96597239456199,29.804097761915298,252.17239937958942
263.02969102852484,47.601812936876655,24.189329411288917,21.69219614276221,208.2749393888564
102.62452461477224,37.58882851457693,50.06035711547076,8.220276453943937,155.99096749279366
246.37719140160385,39.44762785700353,67.96203327351078,5.829153727784836,244.42346639195713
33.189521086562166,45.94467684059866,7.623921797356448,27.33478410360651,67.10638741842548
253.93568752035546,78.50165438370568,27.4703815047892,45.12065166430517,251.5285599355828
38.24659869959473,89.20846889402344,80.69654908839937,17.197884327884278,204.35997568511647
119.18618716811018,95.53346865039283,45.966487040266124,36.65000536113116,228.44996976324575
239.1886097338661,78.6903386255295,54.65771420322949,32.93306774698835,276.7707131335656
44.97522820463213,31.540689574801274,43.28160022094693,46.57774571547405,135.2131999996926
68.77541856979245,68.81347060865421,4.389994264300512,41.049050864957046,119.93676935410608
216.6757705179199,43.760312405539196,16.574977982015593,28.330262945273148,184.1173865832084
216.0109609638223,25.467062204605117,44.554163874189086,32.85152491170537,214.05009084870696
192.3442898655892,84.08715794259226,20.918546540792782,44.919323329201745,202.1679471585443
208.18453334013,3.8426348962324997,4.997902865967873,19.97593922934674,121.65502829165092
162.81733300427885,90.17619921354235,84.36496640518237,16.339735292888868,256.8657392473631
75.53971767208583,46.147746462473414,98.11925291641158,0.540554181759817,196.54702320203265
103.70879805117583,63.72014768082804,79.31428739967394,41.32755370957321,235.10641603211087
54.4793150404277,65.93539222057827,85.3784921704667,40.04903502016825,200.50184004612672
272.5351684000885,89.51177407065364,24.197713031704538,5.222725905007569,216.14485096292276
175.01753842983615,63.66696821672073,96.06269755131997,28.842869056635013,266.90109483361493
120.25542502909197,61.39335847600618,19.692570445342838,23.199084908344368,155.927672094943
138.6017410932398,6.665204056068996,95.14298103618323,5.9354547754555735,197.7421829296671
284.1850018835446,51.84080219452041,99.4819293965951,49.02841135303618,336.64236726323026
46.00542093482406,15.016900081704165,71.17228057460487,10.734794373167771,124.06391082745706
175.86894960503918,73.74337687214856,98.1143731791822,3.3617090045280573,253.89314215577608
151.7666036653398,51.22219208126745,56.95397795671037,29.74236897509548,208.20419364703827
183.43627063039435,68.02277792083532,25.954178317609035,36.943333856651634,191.104553846641
5.433055146252153,4.167290060238427,43.699588566562085,1.6221723023593482,81.3041366164115
261.63717268324547,8.479201604580322,59.35609353787859,32.93588193635111,234.29586111609711
279.6354847450837,71.63233880626822,7.308156202701499,26.614593797572724,216.05567411380235
169.53995507676268,7.208433599867337,62.234326461724606,5.163250443752421,162.20201396470992
208.9952471630677,7.12567277652586,98.11778367622945,8.626193847318103,232.18577645648483
276.7498143531887,1.210847523488745,19.010764978372762,28.398714865804024,176.80071286869756
212.17159029401958,95.65013982994802,79.25951162883833,14.81788067566442,297.7763871262724
45.7617128742784,73.75083594590069,90.78987937796194,46.9157864325658,220.84301400439404
172.88650805004394,35.32514085020642,94.37015928202209,40.93701147420254,245.19344733904984
182.01451391485676,29.65355812876552,96.01356044054472,49.17836032568315,278.3577990360622
127.2392013907158,34.97032297458495,52.14596387214719,12.983541947520699,162.45422420531713
220.93327068741684,77.46535311811819,97.73079079915037,48.48618163989885,326.4959725408117
280.3101044307044,66.13706110704143,75.73102071344388,21.561693489577895,290.7966769764172
277.6705538720329,18.519556786746794,16.16714362369619,17.375939765687733,187.10821485070716
135.25181142123964,17.410933533408436,47.690010646797,2.517476348467662,143.40425103401552
33.971413752226574,9.839564971339732,71.8331175372004,2.638262892980131,93.7435647126521
295.45235968870037,66.03027197013381,24.734031581908333,34.600562797332735,271.1443241017533
251.66942593378025,76.43726622217359,64.06151835488873,22.896449721701394,290.5026624127418
37.39880436098005,26.5046428325004,66.66004790466192,11.326081301805285,122.71886955170794
276.2525647852117,2.094496103091281,16.26997438085659,30.69851531626163,166.7222603173052
260.96890861863847,8.217166747642734,56.50853124527563,12.642905912505558,215.92978488730304
155.65141713782162,96.78600348450304,77.16269109786077,28.88158771722113,266.0456702984228
177.38263072347877,29.544477747742025,49.88956645359419,17.960437349134516,186.52732919935903
119.70081116103908,76.92231478381336,1.2103116776107425,41.17761133059095,149.46297218099858
16.4284916466094,62.46635688542638,0.9038469079292177,41.034808038338966,88.9552423372235
100.55917249377028,38.19396396528959,35.702934397001215,23.867519906120066,152.47184763310838
240.85603457940343,20.56872621955551,92.6194068431782,17.54095546675078,264.23189180849687
1.3896069013808576,12.138641815940643,22.867677960360876,18.12798982795473,38.22716936354942
100.04975150734326,61.50129680388666,63.43636888716871,40.285726283410895,213.14662015855447
119.450608077283,77.4633780637788,22.207587069332057,16.4089741398806,174.59664109167426
161.21868088137686,64.39042535411306,32.16699896595486,10.4529686853423,208.51442803945096
275.95668492382816,53.030213324915835,84.8042089601484,4.234417093765341,273.47327379788806
103.90379830978837,4.195122343163627,72.88614422699469,23.33465604422042,159.20098385985372
104.0859605688683,96.84887775943838,9.539927731321063,24.106604945992093,134.61297170527553
221.2503744329245,79.87141916545745,42.87020209864336,42.04543552014536,256.7253179430796
135.66538226694215,29.282203670096475,2.916976364526447,11.061934822303199,95.91398361869417
67.38144688199459,97.99703293588506,48.0890146603009,19.049563683419997,200.45936354036797
135.73185483980802,60.18815896363221,66.24340117010681,40.42028694468455,212.0145584615629
42.257106113939955,58.24226582072465,11.850262359815156,41.181180537448675,89.75955848812447
52.91609595186699,74.8073179429532,28.888493890916568,19.23055379893841,127.79578987173377
149.51033182184392,81.17697880901376,39.783662550215695,22.956201164334043,181.45598700482083
125.67763485136437,65.64786073315027,91.95310246560497,15.164294542464146,242.31040024147993
274.45377032043,12.809574636620003,99.32550154229641,46.6277439209656,273.99096261028285
108.71816973498993,33.82675059944984,4.491129899561585,5.932188287079016,90.65373001060773
174.17650508341305,92.80836403260497,76.1007923495392,46.6874711500735,259.8902590787197
189.6792863758591,22.461561184385193,37.17240664023432,34.19332259176716,174.72879561341276
3.928336976500091,37.21670238375133,39.245818622948,26.57860763433656,111.21345888143598
199.06121160501317,43.2076882944196,75.42649733470228,1.6329530392247937,229.19480397757783
53.41079006092543,43.940498969445215,91.84264321454087,23.779809591100413,177.70191576847884
288.32109524083654,61.29395824945255,95.09285945025483,20.387405250136613,319.2275538209773
44.598818325933884,94.30758377447076,57.712258603832076,8.060940598756128,172.01691958684017
124.38723711810712,24.069271183250496,35.71211593005028,32.82048017503285,148.72216618516805
25.604900423593158,12.150137630091805,78.75490858587793,48.55754536841429,132.49439420716382
299.0622755537842,19.747048985993732,25.100138326230027,28.109440553226257,218.2402800275722
150.65850309937278,88.69249002092695,56.40740288335178,35.73766382219729,208.37080900374073
178.61550519601315,64.5810812655206,35.85784615248732,3.422522628300839,179.7567010467502
20.122943216528245,28.590678923916013,65.66310737078761,20.883349790849735,119.37701504233645
224.98814111975335,81.59469389686173,24.03989128935069,5.817924258224794,216.44171804023412
62.97167792867573,86.1369996363436,19.159294573482576,30.63979177682552,141.99677575445583
269.4162868322141,84.6514338690278,91.8239086675437,46.92410791070773,326.7168151202435
61.54189214460215,91.89265336395545,10.18036829495369,33.08888662358193,126.50491143338886
57.20631619909997,25.224102017336158,50.595790773493164,3.8401524157210765,113.78828018651743
10.964900354428464,75.50419287462783,22.085278296300892,17.733310249254142,102.23745116338449
141.6200835329998,46.053949727414,3.892996332566745,27.533168972042578,123.05345743437927
169.45233997878492,84.19985528900615,3.601881829142639,20.160387806662612,163.69620720444632
19.71259182850571,72.84906771616131,17.522177210582733,41.68220052375862,121.13316302572925
232.65828500850319,77.64474464997247,86.67703545060003,40.73355023549946,301.7205851775571
135.98665042440828,65.61618376810715,28.247874397702667,30.591551005161072,171.85773966673898
157.31708079827402,17.742876946970686,95.04591705752958,18.672897256635263,239.81104666053565
132.22882408146845,54.502691889693835,58.16222929891936,12.766818688162207,172.93450555525064
120.2289182625978,98.46697395245081,43.66141897687661,5.2937159106564655,175.9395432961588
167.89209939246535,93.73880664971189,58.00888346694546,17.7448841743277,247.03058232891942
46.57207377921375,4.317373579701167,51.669838522626776,20.658625860385975,94.35248688381049
54.57843914858134,16.481481572943714,75.87762537573252,33.79114625520368,148.61986775922068
258.53568630405516,13.172877345456191,28.249606597285226,32.90799121487867,185.63890389275085
283.8346386400898,72.59799099852955,35.30503916003024,3.5054069820628477,241.86700189246739
111.99279488392588,81.77853298569451,89.40943025332507,19.762965771557887,256.5537007184068
81.22340194306614,21.35113663106719,94.64565131504055,9.088943360868097,184.74204245713753
193.19986297170473,50.5852692951829,89.25582274864745,7.840635265840285,257.5017504987496
122.62025132942892,84.07030280112,41.94479939573136,41.36510748686229,189.556921114679
7.615906698103458,73.28015447662506,78.03655030068816,2.0957608358128765,145.82185642713662
46.845779209857106,54.223720549184826,47.63357333010988,20.959143795106066,108.14685372261766
214.79166865421925,59.03476904587729,49.75398521461022,8.41018278832591,211.28073328351172
197.6771825730454,50.83605469162799,20.468010905728395,43.9665107839237,200.01598646091
8.128797751045047,29.754845131882057,59.113030325851646,27.852025663751757,120.68459192778492
66.59164857988483,56.50219928590161,18.613589775334795,11.5690318188424,105.56017791084966
69.32243897642142,68.88853020500906,33.15646990671938,25.12136435831882,144.40962331809197
201.56782307961853,87.33229158608077,85.50302016199352,36.574317985155794,288.30910436840554
5.913161326309247,63.629135397924806,20.707580921085523,47.90590044597169,109.50011517839795
31.232574595372153,76.1121537043158,7.115828517343282,11.022300212270947,99.31716740411937
239.97482561195682,16.0071634954573,6.90075926128163,44.309088606467256,151.50064000565783
53.563398616300084,46.15574744197899,94.07845205031079,46.71520570837451,207.62604002550438
195.82383235556242,0.9331619827093296,50.69204379618346,45.82102722660331,196.30586336487752
71.45483431401796,24.667886452162303,40.941207181701834,31.770717843095493,119.50260275300461
29.832417827803546,72.64617151130048,81.08785810079185,31.491032721735383,196.24020159813946
72.95165729983623,99.18099513493634,83.5825927910516,20.16053165919114,256.3625995473693
216.68007955669773,9.917809958721591,33.21910331156046,37.619894115189396,177.6657202584434
256.7089404318857,40.14943158612883,69.36180574737952,26.564700917546595,263.5800734322826
249.0659593700975,80.00709686991596,77.11228158518865,33.871903561414726,294.01596638344284
119.15505888553645,20.403563462889885,65.46506868659546,21.42289519243977,169.12471137847905
200.42554097119384,55.50849493022862,15.159507480009937,36.574823202156956,189.35858557690895
61.495288624746294,73.30712960296748,87.5883083517057,41.22357588022745,221.18188694763185
87.94431907830398,61.5985450260179,53.90945527360087,7.321812830140805,152.13847638928328
268.90074555633595,18.802473461541613,28.24724263700037,41.6464857787114,210.44055189228303
3.9005770532208106,35.538456868573945,42.52281854376939,27.014826589515362,112.23929161487843
25.652559256340425,78.37917844853972,3.757109039890738,42.233295454511214,109.86448815272288
62.3658765438082,55.42265141320166,12.786680122241755,21.56508531705073,113.42399863010439
7.959661162145915,0.5229613542912737,76.55467505158609,18.952024269151753,105.26490458777405
54.4306305269392,76.09907600280938,0.0011634755366141114,45.75303662586112,123.04679660611482
174.91246829090764,3.531135494023907,41.65658284822922,12.558463377420065,150.5967983671653
126.42736517774938,74.57337827312321,52.251018108558846,42.210616264307156,201.39086939935586
267.8015133230925,20.24805601652374,5.4634420000972295,24.201028625470205,174.36115909815277
245.23306852153226,95.80734801193802,97.30781629723329,25.704772127562986,321.5376888691312
102.54520550936279,36.79407513020845,22.612533124967193,15.4234140744742,110.76814830464538
77.82703002938774,32.69316163380791,30.419871963628086,28.652110030950784,120.65643976958812
113.90772245018007,14.888805033244468,30.39425122550273,16.260559813810566,118.06678534437648
177.0884827544423,30.560421549021488,23.04166621173499,1.9634707120826156,129.9283358469986
80.41909224686287,87.66507618282006,0.1473822086311416,13.599930267217802,129.2182815922043
187.2446723547402,99.63343376272474,72.93447940879963,0.31895217032953393,266.76189256331185
122.82349565737213,36.83095305068483,96.68454997992853,48.91773935284283,229.20132950074503
165.61415425559406,44.861063095454256,22.429348328504506,48.287360490987375,159.20771392846652
130.837958740595,72.2070938202737,66.30471918034225,19.75776487361525,213.15593057628197
88.3397278625753,88.61957804650746,74.18963269587151,36.4185427169823,221.48477409511722
284.535992088647,59.304433418678414,84.84253790905247,17.290304920521248,303.02817579297215
229.08173824792826,39.15256981778293,42.262919701360914,33.5546578542988,213.08005672084718
42.03395272993576,41.262184084862376,30.293090564042924,40.27150215229896,94.46676499363858
260.54039276937385,69.56181464968068,32.52951340230311,47.33781223461204,249.47428214495085
146.2293594748541,0.32182636042786816,71.26213330985128,20.0106137924836,167.83687796239792
268.3656680682274,61.95893374598407,81.6779466505636,39.16489914780239,311.5990667479993
239.95657678419457,35.54930104413574,18.161396775660265,13.29642253160594,171.20726213105127
127.56405134077004,79.41973312770843,37.09410081577652,49.51661518968242,218.32744899901869
6.740792496035219,9.299063982313216,90.19401967491501,1.2884799382175571,100.69915350017915
80.60320781548383,58.82022669483905,80.66935196947392,30.17644032505605,215.37854680004176
162.49026439826008,48.09728898861238,98.48584027624759,32.97529908256636,255.4479614622758
190.04346594784417,64.23255259052274,75.42482596820807,34.402277853706444,266.1547816438494
77.36630562996069,6.485359448296835,39.319520102792225,6.019378939454451,95.46450670122849
41.80682222184724,57.99837874281313,59.06378339946377,46.92648917365652,177.73010304897926
250.47907103978974,56.14845879595237,66.10142542473203,9.05916395250414,251.04189179230954
295.32065421106563,56.06600944161709,7.845581631712395,31.137670161992055,209.62423046229847
157.70705469080576,60.34876665964548,54.44969591038651,11.133803956154248,213.35750101198624
51.50378575449105,67.64679372263622,70.93208284726096,15.360820851063545,173.06951332388437
81.69219795581068,80.49889996807697,16.732130400106037,27.322927086406217,143.93311642058
5.51720296424002,26.982072012821433,78.06317174255571,20.859670928228823,142.88338688082925
274.2896419681497,82.5049410180062,58.37727805141116,8.011280048825315,267.688723068524
35.32532486704234,49.82556822634536,95.22217856975946,8.546820121042414,182.87273234732683
172.95494265427607,7.705827913433117,4.24222982068917,20.907239408139983,104.37820552296661
82.2165662061618,5.85509292439792,26.5326137555467,37.86414891377504,99.02828974107658
166.253400754738,33.42383186960608,60.15538792998241,44.89823234238943,209.7139604483093
195.42611650555926,78.48969771114676,29.65599122059307,4.206383112969142,183.61361713972084
248.9225411121605,70.76809347409157,71.44241640712423,19.655195377970053,270.81139182248023
61.92638152818096,78.86149646724064,75.9005282521931,5.012278186143831,201.6511176763324
3.2987485975441433,51.72690564416094,10.251596406647446,0.8296240316298942,64.69250080690365
41.06568902064218,44.01989979554906,51.38544642067677,33.08593413219783,136.6364647576188
270.00559255443153,14.745252670628394,50.889055559105586,30.12247209832939,228.37058292877174
262.1670232687546,32.81927536093116,36.92807702155411,8.150955690744311,203.60077270706915
179.2239306510925,43.40193661738753,93.29248625696721,11.690641654653206,256.8647169788887
180.15505813009602,8.860042967961723,82.75063198732212,1.185387682225919,195.17402865559785
199.51100236387666,22.061195271121125,69.72093819096368,41.74736028472019,228.43642032017226
52.61138358703488,59.82252940637388,71.43266357349975,48.73452980242757,200.58393092969342
274.32358377748795,73.56631142391899,46.17161438131191,6.7729768397345405,247.71084954083514
125.63115746762193,99.83475113929497,92.09945210965759,11.573760688264906,275.73487043476393
114.94155847484923,93.31133313435576,69.45954272532853,43.4204761973467,226.21896863627776
155.67531158485127,64.25651995351916,72.89810616558164,46.32318989780924,260.81093440375247
14.089790032516515,42.1248053294072,86.16909037873452,20.981369140340515,153.00971337895
49.88501062682382,63.617736470823274,27.4071589342191,2.5311236134537065,107.81697190095285
221.41008492791113,78.56516180802319,80.7070903866703,1.96959168464097,252.6873336733336
24.83960037753794,11.833619092338733,19.524060295649203,28.69749330345052,57.98611662571238
180.94563283991647,40.99048896962883,34.53419522448878,19.64475544465895,166.09502982157437
73.60473290439629,83.98022856356172,33.56104542698427,1.4326213788827258,139.04291318902355
116.78868421259297,38.3832951933044,97.85254683891405,29.16261961562784,222.64849657912475
86.60812103120996,57.18722712271865,85.65372237479268,0.5651268294511236,201.75530130593086
106.70181493948473,58.77693608621982,70.11698615902597,39.368597907463645,210.21003198803385
215.71377155527364,18.447625313363936,72.70567616153902,15.321641135168578,222.13154863728707
89.13651468695251,36.22354416522884,56.20727944025711,2.012900150461605,131.2483742057892
169.92139208906914,33.451128874193216,94.70906671085191,29.417611049157667,234.21550493037876
142.8151206597299,2.6196708532064794,49.62587528823615,19.884220721652735,162.97212997481827
199.10134960879444,2.4191763891355245,38.05177098698945,48.690020667857475,169.010143153175
281.0489217974274,83.16970436757735,16.3035336931591,27.20993312518511,259.51250722025054
219.7716291630751,27.30708099728124,78.6205652261058,13.761959051850415,231.9027210929911
64.48211357722703,51.80787662388154,73.44439320755914,35.47194323169874,183.12667523724397
9.354940518385401,29.872557358877305,38.43550385241349,13.574600127135566,93.54653244777137
78.67921328994753,94.06792451153404,2.519341395922936,45.212164570378256,157.46337889092203
178.52337921007646,25.929675886577375,83.89973277180107,18.73609852536882,220.81864315289184
15.427744045275105,42.96568127389351,1.1417983454073632,27.49342813881026,56.07020140431196
148.9098741603709,87.27302504846018,70.3699779629051,2.5286551912114428,229.67531930394443
179.05285467506675,84.19335667918087,97.02571097260571,21.30606189761154,289.475178268893
100.27316724508825,18.610141784627732,43.766132814820345,41.61817698304975,151.42799948655815
231.27366112374656,80.26433097957104,23.497340499595275,40.28244026816709,232.2568666958862
31.97947594013154,45.81868867378927,70.48710100433817,11.215927942676313,150.1476298601403
22.54133452074263,48.29688720853552,81.71281420155852,11.303953550528135,171.12952352209626
218.456626861081,13.347997241594378,54.64303160778473,40.86526561066184,213.81060464220263
148.64739486185954,8.060151375712465,96.70352752561462,46.51992100846628,227.84453272736482
206.5207189283208,72.79393069737652,5.166872165796111,4.768046063650178,155.36747000830638
130.44820158112387,49.646115235529976,50.479559830452814,22.502931971311263,152.71092259002543
73.92060997173205,43.68507026151796,71.845394732255,16.872713948211448,172.13022053501493
245.7306953022599,72.95082286523967,86.2640471149179,43.53442277287197,309.91527383213764
239.82476369069377,76.55128989911097,17.925561190779003,4.176245734000938,200.02200788482364
208.40894125632803,15.890816766935355,80.00034817636814,10.556297127901871,221.68662217195865
81.6435411689888,61.02251494776413,55.27070757185453,37.623416879324715,177.9346444645569
177.06920006072613,13.535408227768553,39.65536819899632,2.564692449060779,159.76598642714893
108.29216908200804,75.13750860290457,13.171502857909356,24.626769035714464,145.69906495683736
27.474621997990244,65.69551562671396,86.52957589089124,22.105351733986,175.9231927591257
275.1940726386728,95.6614621083458,15.727320817971535,16.720058949437433,252.93268874683423
41.04558927568842,6.895801635642118,30.978785920909925,19.728615765946188,72.8798377615555
285.07120614624074,5.705472115125431,29.004553196243688,26.497029346511646,203.0690290453432
133.80173188738672,28.218707469320016,87.14140341908544,8.068367919419156,194.11242971177538
